rank,src,condition,token
3,Human,Noda,reducing
3,Human,Noda,the
3,Human,Noda,amount
3,Human,Noda,of
3,Human,Noda,bathroom
3,Human,Noda,lights
3,Human,Noda,active
3,Human,Noda,collaboration
3,Human,Noda,with
3,Human,Noda,local
3,Human,Noda,communities
3,Human,Noda,time
3,Human,Noda,and
3,Human,Noda,water
3,Human,Noda,limited
3,Human,Noda,shower
3,Human,Noda,heads
3,AI,Noda,collaboration
3,AI,Noda,with
3,AI,Noda,local
3,AI,Noda,communities
3,AI,Noda,dining
3,AI,Noda,hall
3,AI,Noda,assess
3,AI,Noda,current
3,AI,Noda,spending
3,AI,Noda,habits
3,AI,Noda,identify
3,AI,Noda,areas
3,AI,Noda,for
3,AI,Noda,improvement
3,AI,Noda,set
3,AI,Noda,sustainability
3,AI,Noda,goals
3,AI,Noda,allocate
3,AI,Noda,funds
3,AI,Noda,for
3,AI,Noda,sustainable
3,AI,Noda,practices
3,AI,Noda,monitor
3,AI,Noda,progress
3,AI,Noda,adjust
3,AI,Noda,spending
3,AI,Noda,as
3,AI,Noda,needed
1,Collaborative,Noda,energy
1,Collaborative,Noda,initiatives
2,AI,Noda,waste
2,AI,Noda,reduction
2,AI,Noda,initiatives
3,Human,Noda,more
3,Human,Noda,sustainable
3,Human,Noda,transportation
3,AI,Noda,food
3,AI,Noda,waste
3,AI,Noda,utensils
3,AI,Noda,energy
3,AI,Noda,efficiency
3,Human,Noda,energy
3,AI,Noda,solar
3,AI,Noda,panels
3,AI,Noda,led
3,AI,Noda,lighting
3,AI,Noda,waste
3,AI,Noda,reduction
3,AI,Noda,recycling
3,AI,Noda,programs
3,AI,Noda,composting
3,AI,Noda,initiatives
3,AI,Noda,green
3,AI,Noda,infrastructure
3,AI,Noda,rainwater
3,AI,Noda,harvesting
3,AI,Noda,sustainable
3,AI,Noda,landscaping
3,Human,Noda,sustainability
3,Human,Noda,research
3,Human,Noda,dorm
3,Human,Noda,heating
3,AI,Noda,environmental
3,AI,Noda,impact
3,AI,Noda,reduction
3,AI,Noda,positive
3,AI,Noda,brand
3,AI,Noda,image
3,AI,Noda,long
3,AI,Noda,term
3,AI,Noda,sustainability
3,Human,Noda,energy
3,Human,Noda,efficiency
3,Human,Noda,upgrades
3,AI,Noda,led
3,AI,Noda,lighting
3,AI,Noda,solar
3,AI,Noda,panels
3,AI,Noda,waste
3,AI,Noda,reduction
3,AI,Noda,initiatives
3,AI,Noda,recycling
3,AI,Noda,program
3,AI,Noda,composting
3,AI,Noda,green
3,AI,Noda,transportation
3,AI,Noda,options
3,AI,Noda,bike
3,AI,Noda,share
3,AI,Noda,program
3,AI,Noda,electric
3,AI,Noda,vehicle
3,AI,Noda,charging
3,AI,Noda,stations
3,Human,Noda,waste
3,Human,Noda,reductiom
3,Human,Noda,more
3,Human,Noda,sustainable
3,Human,Noda,transportation
3,AI,Noda,ride
3,AI,Noda,share
3,AI,Noda,or
3,AI,Noda,carpool
3,Human,Noda,solar
3,Human,Noda,panels
3,Human,Noda,energy
3,Human,Noda,efficient
3,Human,Noda,upgrades
3,Human,Noda,dorm
3,Human,Noda,heating
3,Human,Noda,lighting
3,AI,Noda,use
3,AI,Noda,compostable
3,AI,Noda,coffee
3,AI,Noda,cup
3,AI,Noda,lids
3,AI,Noda,plan
3,AI,Noda,schoolwide
3,AI,Noda,sustainability
3,AI,Noda,education
3,AI,Noda,event
3,AI,Noda,run
3,AI,Noda,fundraisers
3,AI,Noda,to
3,AI,Noda,raise
3,AI,Noda,money
3,AI,Noda,to
3,AI,Noda,donate
3,AI,Noda,to
3,AI,Noda,environmental
3,AI,Noda,research
3,AI,Noda,conduct
3,AI,Noda,environmental
3,AI,Noda,research
3,AI,Noda,on
3,AI,Noda,campus
3,AI,Noda,to
3,AI,Noda,evaluate
3,AI,Noda,the
3,AI,Noda,sustainability
3,AI,Noda,of
3,AI,Noda,the
3,AI,Noda,college
3,AI,Noda,use
3,AI,Noda,that
3,AI,Noda,research
3,AI,Noda,to
3,AI,Noda,implement
3,AI,Noda,new
3,AI,Noda,policies
3,AI,Noda,on
3,AI,Noda,campus
3,AI,Noda,how
3,AI,Noda,do
3,AI,Noda,making
3,AI,Noda,people
3,AI,Noda,care
3,AI,Noda,about
3,AI,Noda,the
3,AI,Noda,environment
3,AI,Noda,planning
3,AI,Noda,the
3,AI,Noda,event
3,AI,Noda,setting
3,AI,Noda,goals
3,AI,Noda,establishing
3,AI,Noda,a
3,AI,Noda,budget
3,AI,Noda,securing
3,AI,Noda,resources
3,AI,Noda,organizing
3,AI,Noda,the
3,AI,Noda,event
3,AI,Noda,creating
3,AI,Noda,a
3,AI,Noda,schedule
3,AI,Noda,assigning
3,AI,Noda,tasks
3,AI,Noda,promoting
3,AI,Noda,the
3,AI,Noda,event
3,AI,Noda,implementing
3,AI,Noda,the
3,AI,Noda,event
3,AI,Noda,hosting
3,AI,Noda,workshops
3,AI,Noda,conducting
3,AI,Noda,activities
3,AI,Noda,evaluating
3,AI,Noda,success
3,AI,Noda,examples
3,AI,Noda,of
3,AI,Noda,individual
3,AI,Noda,sustainability
3,AI,Noda,projects
3,AI,Noda,for
3,AI,Noda,college
3,AI,Noda,students
3,AI,Noda,study
3,AI,Noda,design
3,AI,Noda,data
3,AI,Noda,collection
3,AI,Noda,analysis
3,AI,Noda,evaluation
3,AI,Noda,of
3,AI,Noda,college
3,AI,Noda,sustainability
3,AI,Noda,findings
3,AI,Noda,recommendations
3,AI,Noda,evidence
3,AI,Noda,based
3,AI,Noda,decisions
3,AI,Noda,improved
3,AI,Noda,campus
3,AI,Noda,environment
3,AI,Noda,better
3,AI,Noda,student
3,AI,Noda,outcomes
3,AI,Noda,resistance
3,AI,Noda,to
3,AI,Noda,change
3,AI,Noda,implementation
3,AI,Noda,challenges
3,AI,Noda,unforeseen
3,AI,Noda,consequences
3,AI,Noda,individual
3,AI,Noda,initiatives
3,AI,Noda,community
3,AI,Noda,initiatives
3,AI,Noda,importance
3,AI,Noda,of
3,AI,Noda,sustainability
3,AI,Noda,projects
3,AI,Noda,environmental
3,AI,Noda,impact
3,AI,Noda,educational
3,AI,Noda,value
3,AI,Noda,examples
3,AI,Noda,of
3,AI,Noda,projects
3,AI,Noda,community
3,AI,Noda,gardens
3,AI,Noda,recycling
3,AI,Noda,initiatives
3,AI,Noda,energy
3,AI,Noda,conservation
3,AI,Noda,efforts
3,AI,Noda,benefits
3,AI,Noda,of
3,AI,Noda,student
3,AI,Noda,involvement
3,AI,Noda,skill
3,AI,Noda,development
3,AI,Noda,creating
3,AI,Noda,a
3,AI,Noda,culture
3,AI,Noda,of
3,AI,Noda,sustainability
3,AI,Noda,academic
3,AI,Noda,initiatives
3,AI,Noda,team
3,AI,Noda,sustainability
3,AI,Noda,projects
3,AI,Noda,for
3,AI,Noda,college
3,AI,Noda,students
3,AI,Noda,implementing
3,AI,Noda,sustainable
3,AI,Noda,practices
3,AI,Noda,recycling
3,AI,Noda,programs
3,AI,Noda,energy
3,AI,Noda,efficient
3,AI,Noda,buildings
3,AI,Noda,sustainable
3,AI,Noda,transportation
3,AI,Noda,promoting
3,AI,Noda,sustainability
3,AI,Noda,education
3,AI,Noda,and
3,AI,Noda,awareness
3,AI,Noda,campaigns
3,AI,Noda,community
3,AI,Noda,involvement
3,AI,Noda,green
3,AI,Noda,initiatives
3,AI,Noda,monitoring
3,AI,Noda,and
3,AI,Noda,evaluation
3,AI,Noda,tracking
3,AI,Noda,progress
3,AI,Noda,adjusting
3,AI,Noda,strategies
3,AI,Noda,collaboration
3,AI,Noda,with
3,AI,Noda,experts
3,AI,Noda,importance
3,AI,Noda,of
3,AI,Noda,environmental
3,AI,Noda,awareness
3,AI,Noda,health
3,AI,Noda,benefits
3,AI,Noda,economic
3,AI,Noda,impact
3,AI,Noda,ways
3,AI,Noda,to
3,AI,Noda,make
3,AI,Noda,people
3,AI,Noda,care
3,AI,Noda,education
3,AI,Noda,community
3,AI,Noda,involvement
3,AI,Noda,policy
3,AI,Noda,changes
3,AI,Noda,individual
3,AI,Noda,actions
3,AI,Noda,recycling
3,AI,Noda,conserving
3,AI,Noda,resources
3,AI,Noda,supporting
3,AI,Noda,sustainable
3,AI,Noda,practices
3,AI,Noda,importance
3,AI,Noda,of
3,AI,Noda,sustainability
3,AI,Noda,projects
3,AI,Noda,environmental
3,AI,Noda,impact
3,AI,Noda,educational
3,AI,Noda,value
3,AI,Noda,types
3,AI,Noda,of
3,AI,Noda,team
3,AI,Noda,projects
3,AI,Noda,recycling
3,AI,Noda,initiatives
3,AI,Noda,community
3,AI,Noda,gardens
3,AI,Noda,energy
3,AI,Noda,conservation
3,AI,Noda,benefits
3,AI,Noda,for
3,AI,Noda,college
3,AI,Noda,students
3,AI,Noda,hands
3,AI,Noda,on
3,AI,Noda,learning
3,AI,Noda,teamwork
3,AI,Noda,skills
3,AI,Noda,personal
3,AI,Noda,growth
3,AI,Noda,environmental
3,AI,Noda,benefits
3,AI,Noda,cost
3,AI,Noda,savings
3,AI,Noda,positive
3,AI,Noda,brand
3,AI,Noda,image
3,AI,Noda,healthier
3,AI,Noda,work
3,AI,Noda,environment
3,AI,Noda,initial
3,AI,Noda,investment
3,AI,Noda,resistance
3,AI,Noda,to
3,AI,Noda,change
1,Human,Noda,solar
1,Human,Noda,panels
2,Collaborative,Noda,financial
2,Collaborative,Noda,support
2,Collaborative,Noda,for
2,Collaborative,Noda,a
2,Collaborative,Noda,student
2,Collaborative,Noda,led
2,Collaborative,Noda,project
3,Collaborative,Noda,research
3,Collaborative,Noda,project
3,AI,Noda,limited
3,AI,Noda,resources
3,AI,Noda,time
3,AI,Noda,consuming
3,AI,Noda,sustainability
3,AI,Noda,ideas
3,AI,Noda,for
3,AI,Noda,college
3,AI,Noda,stllabus
3,AI,Noda,importance
3,AI,Noda,of
3,AI,Noda,environmental
3,AI,Noda,research
3,AI,Noda,addressing
3,AI,Noda,climate
3,AI,Noda,change
3,AI,Noda,protecting
3,AI,Noda,biodiversity
3,AI,Noda,ensuring
3,AI,Noda,sustainable
3,AI,Noda,future
3,AI,Noda,types
3,AI,Noda,of
3,AI,Noda,fundraisers
3,AI,Noda,events
3,AI,Noda,online
3,AI,Noda,campaigns
3,AI,Noda,corporate
3,AI,Noda,sponsorships
3,AI,Noda,impact
3,AI,Noda,of
3,AI,Noda,donations
3,AI,Noda,supporting
3,AI,Noda,research
3,AI,Noda,projects
3,AI,Noda,promoting
3,AI,Noda,environmental
3,AI,Noda,awareness
3,AI,Noda,importance
3,AI,Noda,of
3,AI,Noda,sustainability
3,AI,Noda,in
3,AI,Noda,college
3,AI,Noda,curriculum
3,AI,Noda,incorporating
3,AI,Noda,sustainable
3,AI,Noda,practices
3,AI,Noda,teaching
3,AI,Noda,sustainable
3,AI,Noda,development
3,AI,Noda,goals
3,AI,Noda,implementing
3,AI,Noda,sustainability
3,AI,Noda,in
3,AI,Noda,various
3,AI,Noda,disciplines
3,AI,Noda,science
3,AI,Noda,and
3,AI,Noda,technology
3,AI,Noda,business
3,AI,Noda,and
3,AI,Noda,economics
3,AI,Noda,arts
3,AI,Noda,and
3,AI,Noda,humanities
3,AI,Noda,benefits
3,AI,Noda,of
3,AI,Noda,sustainable
3,AI,Noda,education
3,AI,Noda,environmentally
3,AI,Noda,friendly
3,AI,Noda,reduce
3,AI,Noda,plastic
3,AI,Noda,waste
3,AI,Noda,biodegradable
3,AI,Noda,sustainable
3,AI,Noda,option
3,AI,Noda,more
3,AI,Noda,expensive
3,AI,Noda,limited
3,AI,Noda,availability
3,AI,Noda,not
3,AI,Noda,all
3,AI,Noda,composting
3,AI,Noda,facilities
3,AI,Noda,accept
3,AI,Noda,them
3,AI,Noda,what
3,AI,Noda,are
3,AI,Noda,things
3,AI,Noda,that
3,AI,Noda,we
3,AI,Noda,can
3,AI,Noda,do
3,AI,Noda,as
3,AI,Noda,a
3,AI,Noda,community
3,AI,Noda,for
3,AI,Noda,the
3,AI,Noda,environment
3,AI,Noda,education
3,AI,Noda,community
3,AI,Noda,events
3,AI,Noda,implementing
3,AI,Noda,sustainable
3,AI,Noda,practices
3,AI,Noda,recycling
3,AI,Noda,conserving
3,AI,Noda,energy
3,AI,Noda,supporting
3,AI,Noda,local
3,AI,Noda,agriculture
3,AI,Noda,advocating
3,AI,Noda,for
3,AI,Noda,policy
3,AI,Noda,changes
3,AI,Noda,petitioning
3,AI,Noda,collaborating
3,AI,Noda,with
3,AI,Noda,local
3,AI,Noda,government
3,AI,Noda,importance
3,AI,Noda,of
3,AI,Noda,sustainability
3,AI,Noda,in
3,AI,Noda,humanities
3,AI,Noda,curriculum
3,AI,Noda,benefits
3,AI,Noda,of
3,AI,Noda,sustainability
3,AI,Noda,education
3,AI,Noda,relevance
3,AI,Noda,to
3,AI,Noda,humanities
3,AI,Noda,subjects
3,AI,Noda,strategies
3,AI,Noda,for
3,AI,Noda,integrating
3,AI,Noda,sustainability
3,AI,Noda,interdisciplinary
3,AI,Noda,approaches
3,AI,Noda,project
3,AI,Noda,based
3,AI,Noda,learning
3,AI,Noda,community
3,AI,Noda,partnerships
3,AI,Noda,importance
3,AI,Noda,of
3,AI,Noda,sustainability
3,AI,Noda,education
3,AI,Noda,environmental
3,AI,Noda,impact
3,AI,Noda,social
3,AI,Noda,responsibility
3,AI,Noda,strategies
3,AI,Noda,for
3,AI,Noda,educating
3,AI,Noda,students
3,AI,Noda,curriculum
3,AI,Noda,integration
3,AI,Noda,campus
3,AI,Noda,initiatives
3,AI,Noda,community
3,AI,Noda,engagement
3,AI,Noda,benefits
3,AI,Noda,of
3,AI,Noda,sustainable
3,AI,Noda,practices
3,AI,Noda,long
3,AI,Noda,term
3,AI,Noda,environmental
3,AI,Noda,preservation
3,AI,Noda,cost
3,AI,Noda,savings
3,AI,Noda,environmental
3,AI,Noda,research
3,AI,Noda,on
3,AI,Noda,campus
3,AI,Noda,use
3,AI,Noda,that
3,AI,Noda,research
3,AI,Noda,to
3,AI,Noda,implement
3,AI,Noda,new
3,AI,Noda,policies
3,AI,Noda,on
3,AI,Noda,campus
3,Human,Noda,sustainability
3,Human,Noda,competitions
3,Human,Noda,environmental
3,Human,Noda,science
3,Human,Noda,class
3,Human,Noda,projects
3,Human,Noda,assemble
3,Human,Noda,a
3,Human,Noda,committee
3,Human,Noda,reusable
3,Human,Noda,bottles
3,Human,Noda,for
3,Human,Noda,each
3,Human,Noda,student
3,Human,Noda,submit
3,Human,Noda,ideas
3,Human,Noda,submit
3,Human,Noda,ideas
3,Human,Noda,assemble
3,Human,Noda,a
3,Human,Noda,committee
3,Human,Noda,environmental
3,Human,Noda,science
3,Human,Noda,class
3,Human,Noda,projects
3,Human,Noda,sustainability
3,Human,Noda,competitions
3,Human,Noda,money
3,Human,Noda,for
3,Human,Noda,sust
3,Human,Noda,projects
3,Human,Noda,budget
3,Human,Noda,for
3,Human,Noda,sustenability
3,Human,Noda,ind
3,Human,Noda,projects
3,Human,Noda,team
3,Human,Noda,projecrs
3,Human,Noda,paulson
3,Human,Noda,initiative
3,Human,Noda,prizws
3,Human,Noda,to
3,Human,Noda,ppl
3,Human,Noda,who
3,Human,Noda,recycle
3,Human,Noda,mosr
3,Human,Noda,paper
3,Human,Noda,or
3,Human,Noda,plasric
3,Human,Noda,budget
3,Human,Noda,for
3,Human,Noda,sustenability
3,Human,Noda,financial
3,Human,Noda,support
3,Human,Noda,for
3,Human,Noda,a
3,Human,Noda,student
3,Human,Noda,led
3,Human,Noda,project
3,Human,Noda,solar
3,Human,Noda,panels
3,Human,Noda,reusable
3,Human,Noda,bottles
3,Human,Noda,for
3,Human,Noda,each
3,Human,Noda,student
3,Human,Noda,prizws
3,Human,Noda,to
3,Human,Noda,ppl
3,Human,Noda,who
3,Human,Noda,recycle
3,Human,Noda,mosr
3,Human,Noda,paper
3,Human,Noda,or
3,Human,Noda,plasric
3,Human,Noda,conduct
3,Human,Noda,environmental
3,Human,Noda,research
3,Human,Noda,on
3,Human,Noda,campus
3,Human,Noda,to
3,Human,Noda,evaluate
3,Human,Noda,the
3,Human,Noda,sustainability
3,Human,Noda,of
3,Human,Noda,the
3,Human,Noda,college
3,Human,Noda,paulson
3,Human,Noda,initiative
3,Human,Noda,team
3,Human,Noda,projecrs
3,Human,Noda,run
3,Human,Noda,fundraisers
3,Human,Noda,to
3,Human,Noda,raise
3,Human,Noda,money
3,Human,Noda,to
3,Human,Noda,donate
3,Human,Noda,to
3,Human,Noda,environmental
3,Human,Noda,research
3,Human,Noda,ind
3,Human,Noda,projects
3,Human,Noda,budget
3,Human,Noda,for
3,Human,Noda,sustenability
3,Human,Noda,money
3,Human,Noda,for
3,Human,Noda,sust
3,Human,Noda,projects
3,Human,Noda,plan
3,Human,Noda,schoolwide
3,Human,Noda,sustainability
3,Human,Noda,education
3,Human,Noda,event
3,Human,Noda,use
3,Human,Noda,compostable
3,Human,Noda,coffee
3,Human,Noda,cup
3,Human,Noda,lids
3,AI,Noda,collaboration
3,AI,Noda,with
3,AI,Noda,local
3,AI,Noda,communities
3,AI,Noda,how
3,AI,Noda,to
3,AI,Noda,improve
3,AI,Noda,college
3,AI,Noda,in
3,AI,Noda,terms
3,AI,Noda,of
3,AI,Noda,sustainability
3,AI,Noda,with
3,AI,Noda,a
3,AI,Noda,budget
3,AI,Noda,of
3,AI,Noda,100000
3,AI,Noda,dollars
3,AI,Noda,generate
3,AI,Noda,a
3,AI,Noda,spending
3,AI,Noda,plan
3,AI,Noda,to
3,AI,Noda,allocate
3,AI,Noda,money
3,AI,Noda,towards
3,AI,Noda,increasing
3,AI,Noda,sustainability
3,AI,Noda,assess
3,AI,Noda,current
3,AI,Noda,spending
3,AI,Noda,habits
3,AI,Noda,identify
3,AI,Noda,areas
3,AI,Noda,for
3,AI,Noda,improvement
3,AI,Noda,set
3,AI,Noda,sustainability
3,AI,Noda,goals
3,AI,Noda,allocate
3,AI,Noda,funds
3,AI,Noda,for
3,AI,Noda,sustainable
3,AI,Noda,practices
3,AI,Noda,monitor
3,AI,Noda,progress
3,AI,Noda,adjust
3,AI,Noda,spending
3,AI,Noda,as
3,AI,Noda,needed
3,AI,Noda,where
3,AI,Noda,could
3,AI,Noda,a
3,AI,Noda,college
3,AI,Noda,invest
3,AI,Noda,money
3,AI,Noda,to
3,AI,Noda,help
3,AI,Noda,in
3,AI,Noda,its
3,AI,Noda,own
3,AI,Noda,sustainability
3,AI,Noda,food
3,AI,Noda,waste
3,AI,Noda,utensils
3,AI,Noda,energy
3,AI,Noda,efficiency
3,AI,Noda,solar
3,AI,Noda,panels
3,AI,Noda,led
3,AI,Noda,lighting
3,AI,Noda,waste
3,AI,Noda,reduction
3,AI,Noda,recycling
3,AI,Noda,programs
3,AI,Noda,composting
3,AI,Noda,initiatives
3,AI,Noda,green
3,AI,Noda,infrastructure
3,AI,Noda,rainwater
3,AI,Noda,harvesting
3,AI,Noda,sustainable
3,AI,Noda,landscaping
3,AI,Noda,sustainability
3,AI,Noda,research
3,AI,Noda,funding
3,AI,Noda,pros
3,AI,Noda,of
3,AI,Noda,initiating
3,AI,Noda,a
3,AI,Noda,sustainability
3,AI,Noda,plan
3,AI,Noda,dorm
3,AI,Noda,heating
3,AI,Noda,environmental
3,AI,Noda,impact
3,AI,Noda,reduction
3,AI,Noda,cost
3,AI,Noda,savings
3,AI,Noda,positive
3,AI,Noda,brand
3,AI,Noda,image
3,AI,Noda,long
3,AI,Noda,term
3,AI,Noda,sustainability
1,Collaborative,Noda,water
1,Collaborative,Noda,conservation
1,Collaborative,Noda,in
1,Collaborative,Noda,dorms
1,Collaborative,Noda,and
1,Collaborative,Noda,buildings
2,Human,Noda,making
2,Human,Noda,sure
2,Human,Noda,fauna
2,Human,Noda,suited
2,Human,Noda,to
2,Human,Noda,local
2,Human,Noda,habitat
3,Human,Noda,food
3,Human,Noda,waste
3,Human,Noda,reduction
3,Human,Noda,in
3,Human,Noda,dining
3,Human,Noda,halls
3,AI,Noda,innovation
3,AI,Noda,opportunities
3,AI,Noda,energy
3,AI,Noda,efficiency
3,AI,Noda,upgrades
3,AI,Noda,led
3,AI,Noda,lighting
3,AI,Noda,solar
3,AI,Noda,panels
3,AI,Noda,waste
3,AI,Noda,reduction
3,AI,Noda,initiatives
3,AI,Noda,recycling
3,AI,Noda,program
3,AI,Noda,composting
3,AI,Noda,green
3,AI,Noda,transportation
3,AI,Noda,options
3,AI,Noda,bike
3,AI,Noda,share
3,AI,Noda,program
3,AI,Noda,electric
3,AI,Noda,vehicle
3,AI,Noda,charging
3,AI,Noda,stations
3,AI,Noda,energy
3,AI,Noda,waste
3,AI,Noda,reductiom
3,AI,Noda,more
3,AI,Noda,sustainable
3,AI,Noda,transportation
3,AI,Noda,ride
3,AI,Noda,share
3,AI,Noda,or
3,AI,Noda,carpool
3,AI,Noda,solar
3,AI,Noda,panels
3,AI,Noda,energy
3,AI,Noda,efficient
3,AI,Noda,upgrades
3,AI,Noda,dorm
3,AI,Noda,heating
3,AI,Noda,lighting
3,Human,Noda,key
3,Human,Noda,speakers
3,Human,Noda,sustainable
3,Human,Noda,initiatives
3,Human,Noda,replace
3,Human,Noda,paper
3,Human,Noda,towels
3,Human,Noda,with
3,Human,Noda,automatic
3,Human,Noda,dryers
3,Human,Noda,increase
3,Human,Noda,recyclability
3,Human,Noda,of
3,Human,Noda,items
3,Human,Noda,within
3,Human,Noda,dining
3,Human,Noda,halls
3,Human,Noda,specifically
3,Human,Noda,stone
3,Human,Noda,d
3,Human,Noda,increasing
3,Human,Noda,amount
3,Human,Noda,of
3,Human,Noda,multiuse
3,Human,Noda,goods
3,Human,Noda,food
3,Human,Noda,waste
3,Human,Noda,reduction
3,Human,Noda,making
3,Human,Noda,sure
3,Human,Noda,fauna
3,Human,Noda,suited
3,Human,Noda,to
3,Human,Noda,local
3,Human,Noda,habitat
3,Human,Noda,reducing
3,Human,Noda,the
3,Human,Noda,amount
3,Human,Noda,of
3,Human,Noda,bathroom
3,Human,Noda,lights
3,Human,Noda,active
3,Human,Noda,time
3,Human,Noda,and
3,Human,Noda,water
3,Human,Noda,limited
3,Human,Noda,shower
3,Human,Noda,heads
3,Human,Noda,dining
3,Human,Noda,hall
3,AI,Noda,15
3,AI,Noda,ideas
3,AI,Noda,for
3,AI,Noda,sustainable
3,AI,Noda,programs
3,AI,Noda,on
3,AI,Noda,a
3,AI,Noda,college
3,AI,Noda,campus
3,AI,Noda,rain
3,AI,Noda,water
3,AI,Noda,harvest
3,AI,Noda,importance
3,AI,Noda,of
3,AI,Noda,sustainability
3,AI,Noda,on
3,AI,Noda,campus
3,AI,Noda,benefits
3,AI,Noda,of
3,AI,Noda,sustainability
3,AI,Noda,current
3,AI,Noda,challenges
3,AI,Noda,strategies
3,AI,Noda,for
3,AI,Noda,a
3,AI,Noda,more
3,AI,Noda,sustainable
3,AI,Noda,campus
3,AI,Noda,energy
3,AI,Noda,efficiency
3,AI,Noda,waste
3,AI,Noda,reduction
3,AI,Noda,sustainable
3,AI,Noda,transportation
3,AI,Noda,engaging
3,AI,Noda,the
3,AI,Noda,campus
3,AI,Noda,community
3,AI,Noda,education
3,AI,Noda,and
3,AI,Noda,awareness
3,AI,Noda,student
3,AI,Noda,involvement
3,AI,Noda,sustainable
3,AI,Noda,energy
3,AI,Noda,initiatives
3,AI,Noda,solar
3,AI,Noda,panels
3,AI,Noda,wind
3,AI,Noda,turbines
3,AI,Noda,waste
3,AI,Noda,reduction
3,AI,Noda,programs
3,AI,Noda,recycling
3,AI,Noda,composting
3,AI,Noda,sustainable
3,AI,Noda,transportation
3,AI,Noda,options
3,AI,Noda,bike
3,AI,Noda,sharing
3,AI,Noda,electric
3,AI,Noda,vehicle
3,AI,Noda,charging
3,AI,Noda,stations
3,AI,Noda,green
3,AI,Noda,building
3,AI,Noda,practices
3,AI,Noda,leed
3,AI,Noda,certification
3,AI,Noda,energy
3,AI,Noda,efficient
3,AI,Noda,lighting
3,AI,Noda,water
3,AI,Noda,conservation
3,AI,Noda,efforts
3,AI,Noda,low
3,AI,Noda,flow
3,AI,Noda,fixtures
3,AI,Noda,rainwater
3,AI,Noda,harvesting
3,AI,Noda,systems
3,AI,Noda,importance
3,AI,Noda,of
3,AI,Noda,rain
3,AI,Noda,water
3,AI,Noda,harvesting
3,AI,Noda,conservation
3,AI,Noda,of
3,AI,Noda,water
3,AI,Noda,resources
3,AI,Noda,sustainable
3,AI,Noda,water
3,AI,Noda,management
3,AI,Noda,methods
3,AI,Noda,of
3,AI,Noda,rain
3,AI,Noda,water
3,AI,Noda,harvesting
3,AI,Noda,rooftop
3,AI,Noda,collection
3,AI,Noda,surface
3,AI,Noda,runoff
3,AI,Noda,harvesting
3,AI,Noda,groundwater
3,AI,Noda,recharge
3,AI,Noda,benefits
3,AI,Noda,of
3,AI,Noda,rain
3,AI,Noda,water
3,AI,Noda,harvesting
3,AI,Noda,water
3,AI,Noda,availability
3,AI,Noda,cost
3,AI,Noda,savings
3,AI,Noda,environmental
3,AI,Noda,impact
3,AI,Noda,pros
3,AI,Noda,and
3,AI,Noda,cons
3,AI,Noda,of
3,AI,Noda,sustainable
3,AI,Noda,energy
3,AI,Noda,sources
3,AI,Noda,on
3,AI,Noda,campus
3,AI,Noda,pros
3,AI,Noda,reduce
3,AI,Noda,carbon
3,AI,Noda,footprint
3,AI,Noda,cost
3,AI,Noda,savings
3,AI,Noda,educational
3,AI,Noda,opportunities
3,AI,Noda,increase
3,AI,Noda,campus
3,AI,Noda,sustainability
3,AI,Noda,cons
3,AI,Noda,initial
3,AI,Noda,investment
3,AI,Noda,space
3,AI,Noda,limitations
3,AI,Noda,intermittency
3,AI,Noda,issues
3,AI,Noda,maintenance
3,AI,Noda,costs
3,AI,Noda,lake
3,AI,Noda,cleaning
3,AI,Noda,definition
3,AI,Noda,of
3,AI,Noda,sustainable
3,AI,Noda,transportation
3,AI,Noda,importance
3,AI,Noda,of
3,AI,Noda,sustainable
3,AI,Noda,transportation
3,AI,Noda,examples
3,AI,Noda,of
3,AI,Noda,sustainable
3,AI,Noda,transportation
3,AI,Noda,modes
3,AI,Noda,benefits
3,AI,Noda,of
3,AI,Noda,sustainable
3,AI,Noda,transportation
3,AI,Noda,environmental
3,AI,Noda,impact
3,AI,Noda,economic
3,AI,Noda,impact
3,AI,Noda,social
3,AI,Noda,impact
3,AI,Noda,challenges
3,AI,Noda,and
3,AI,Noda,solutions
3,AI,Noda,infrastructure
3,AI,Noda,public
3,AI,Noda,awareness
3,AI,Noda,government
3,AI,Noda,policies
3,AI,Noda,importance
3,AI,Noda,of
3,AI,Noda,lake
3,AI,Noda,cleaning
3,AI,Noda,environmental
3,AI,Noda,benefits
3,AI,Noda,economic
3,AI,Noda,impact
3,AI,Noda,methods
3,AI,Noda,of
3,AI,Noda,lake
3,AI,Noda,cleaning
3,AI,Noda,physical
3,AI,Noda,removal
3,AI,Noda,chemical
3,AI,Noda,treatments
3,AI,Noda,biological
3,AI,Noda,solutions
3,AI,Noda,challenges
3,AI,Noda,in
3,AI,Noda,lake
3,AI,Noda,cleaning
3,AI,Noda,pollution
3,AI,Noda,sources
3,AI,Noda,funding
3,AI,Noda,limitations
3,AI,Noda,ideas
3,AI,Noda,for
3,AI,Noda,students
3,AI,Noda,being
3,AI,Noda,more
3,AI,Noda,sustainable
3,AI,Noda,increase
3,AI,Noda,recycling
3,AI,Noda,on
3,AI,Noda,campus
3,AI,Noda,energy
3,AI,Noda,efficiency
1,Human,Noda,solar
1,Human,Noda,panels
2,,Noda,n
2,,Noda,a
3,Human,Noda,sharing
3,Human,Noda,clothes
3,Human,Noda,recycling
3,Human,Noda,materials
3,AI,Noda,energy
3,AI,Noda,efficient
3,AI,Noda,lighting
3,AI,Noda,waste
3,AI,Noda,reduction
3,AI,Noda,recycling
3,AI,Noda,programs
3,AI,Noda,composting
3,AI,Noda,initiatives
3,AI,Noda,transportation
3,AI,Noda,bike
3,AI,Noda,sharing
3,AI,Noda,programs
3,AI,Noda,electric
3,AI,Noda,vehicle
3,AI,Noda,charging
3,AI,Noda,stations
3,AI,Noda,current
3,AI,Noda,recycling
3,AI,Noda,practices
3,AI,Noda,overview
3,AI,Noda,challenges
3,AI,Noda,strategies
3,AI,Noda,to
3,AI,Noda,increase
3,AI,Noda,recycling
3,AI,Noda,education
3,AI,Noda,and
3,AI,Noda,awareness
3,AI,Noda,convenient
3,AI,Noda,recycling
3,AI,Noda,bins
3,AI,Noda,incentives
3,AI,Noda,benefits
3,AI,Noda,of
3,AI,Noda,increased
3,AI,Noda,recycling
3,AI,Noda,environmental
3,AI,Noda,impact
3,AI,Noda,cost
3,AI,Noda,savings
3,AI,Noda,importance
3,AI,Noda,of
3,AI,Noda,sustainability
3,AI,Noda,environmental
3,AI,Noda,impact
3,AI,Noda,social
3,AI,Noda,responsibility
3,AI,Noda,ways
3,AI,Noda,for
3,AI,Noda,students
3,AI,Noda,to
3,AI,Noda,be
3,AI,Noda,more
3,AI,Noda,sustainable
3,AI,Noda,reduce
3,AI,Noda,reuse
3,AI,Noda,recycle
3,AI,Noda,use
3,AI,Noda,of
3,AI,Noda,eco
3,AI,Noda,friendly
3,AI,Noda,products
3,AI,Noda,conservation
3,AI,Noda,of
3,AI,Noda,resources
3,AI,Noda,benefits
3,AI,Noda,of
3,AI,Noda,being
3,AI,Noda,sustainable
3,AI,Noda,healthier
3,AI,Noda,environment
3,AI,Noda,cost
3,AI,Noda,savings
3,AI,Noda,sustainability
3,AI,Noda,on
3,AI,Noda,campus
3,AI,Noda,importance
3,AI,Noda,of
3,AI,Noda,sustainability
3,AI,Noda,on
3,AI,Noda,campus
3,AI,Noda,benefits
3,AI,Noda,of
3,AI,Noda,sustainable
3,AI,Noda,practices
3,AI,Noda,role
3,AI,Noda,in
3,AI,Noda,education
3,AI,Noda,impact
3,AI,Noda,on
3,AI,Noda,campus
3,AI,Noda,community
3,AI,Noda,sustainable
3,AI,Noda,initiatives
3,AI,Noda,on
3,AI,Noda,campus
3,AI,Noda,recycling
3,AI,Noda,programs
3,AI,Noda,energy
3,AI,Noda,conservation
3,AI,Noda,efforts
3,AI,Noda,sustainable
3,AI,Noda,transportation
3,AI,Noda,options
3,AI,Noda,challenges
3,AI,Noda,and
3,AI,Noda,future
3,AI,Noda,directions
3,AI,Noda,financial
3,AI,Noda,constraints
3,AI,Noda,behavioral
3,AI,Noda,changes
3,AI,Noda,future
3,AI,Noda,sustainability
3,AI,Noda,goals
3,AI,Noda,how
3,AI,Noda,can
3,AI,Noda,the
3,AI,Noda,government
3,AI,Noda,reduce
3,AI,Noda,pollution
3,AI,Noda,on
3,AI,Noda,college
3,AI,Noda,campus
3,AI,Noda,info
3,AI,Noda,on
3,AI,Noda,rrr
3,AI,Noda,importance
3,AI,Noda,of
3,AI,Noda,energy
3,AI,Noda,conservation
3,AI,Noda,environmental
3,AI,Noda,benefits
3,AI,Noda,economic
3,AI,Noda,savings
3,AI,Noda,strategies
3,AI,Noda,for
3,AI,Noda,energy
3,AI,Noda,conservation
3,AI,Noda,energy
3,AI,Noda,efficient
3,AI,Noda,appliances
3,AI,Noda,renewable
3,AI,Noda,energy
3,AI,Noda,sources
3,AI,Noda,behavioral
3,AI,Noda,changes
3,AI,Noda,government
3,AI,Noda,and
3,AI,Noda,community
3,AI,Noda,initiatives
3,AI,Noda,energy
3,AI,Noda,efficiency
3,AI,Noda,programs
3,AI,Noda,public
3,AI,Noda,awareness
3,AI,Noda,campaigns
3,Human,Noda,more
3,Human,Noda,es
3,Human,Noda,classes
3,Human,Noda,info
3,Human,Noda,on
3,Human,Noda,rrr
3,Human,Noda,rain
3,Human,Noda,collection
3,Human,Noda,buckets
3,Human,Noda,solar
3,Human,Noda,panels
3,Human,Noda,mugs
3,Human,Noda,in
3,Human,Noda,dining
3,Human,Noda,halls
3,Human,Noda,appropriate
3,Human,Noda,food
3,Human,Noda,disposal
3,Human,Noda,lake
3,Human,Noda,cleaning
3,Human,Noda,accurate
3,Human,Noda,recycling
3,Human,Noda,saving
3,Human,Noda,electricity
3,Human,Noda,programs
3,Human,Noda,rain
3,Human,Noda,water
3,Human,Noda,harvesting
3,Human,Noda,sus
3,Human,Noda,bins
3,Human,Noda,and
3,Human,Noda,donations
3,Human,Noda,water
3,Human,Noda,shortage
3,Human,Noda,awareness
3,Human,Noda,programs
3,Human,Noda,car
3,Human,Noda,pooling
3,Human,Noda,system
3,Human,Noda,more
3,Human,Noda,recycling
3,Human,Noda,bins
3,Human,Noda,less
3,Human,Noda,waste
3,Human,Noda,during
3,Human,Noda,club
3,Human,Noda,activities
3,Human,Noda,solar
3,Human,Noda,panels
3,Human,Noda,sustainability
3,Human,Noda,on
3,Human,Noda,campus
3,Human,Noda,concret
3,Human,Noda,thjngs
3,Human,Noda,absteact
3,Human,Noda,ideas
3,Human,Noda,more
3,Human,Noda,es
3,Human,Noda,classes
3,Human,Noda,more
3,Human,Noda,veg
3,Human,Noda,options
3,Human,Noda,in
3,Human,Noda,dhalls
3,Human,Noda,rain
3,Human,Noda,collection
3,Human,Noda,buckets
3,Human,Noda,sustainability
3,Human,Noda,on
3,Human,Noda,campus
3,Human,Noda,solar
3,Human,Noda,panels
3,AI,Noda,ideas
3,AI,Noda,of
3,AI,Noda,sustanibility
3,AI,Noda,events
3,AI,Noda,definition
3,AI,Noda,of
3,AI,Noda,sustainability
3,AI,Noda,events
3,AI,Noda,importance
3,AI,Noda,of
3,AI,Noda,sustainable
3,AI,Noda,events
3,AI,Noda,examples
3,AI,Noda,of
3,AI,Noda,sustainable
3,AI,Noda,events
3,AI,Noda,benefits
3,AI,Noda,of
3,AI,Noda,sustainable
3,AI,Noda,events
3,AI,Noda,environmental
3,AI,Noda,impact
3,AI,Noda,social
3,AI,Noda,impact
3,AI,Noda,economic
3,AI,Noda,impact
3,AI,Noda,challenges
3,AI,Noda,of
3,AI,Noda,implementing
3,AI,Noda,sustainable
3,AI,Noda,events
3,AI,Noda,cost
3,AI,Noda,logistics
3,AI,Noda,stakeholder
3,AI,Noda,engagement
3,AI,Noda,assessing
3,AI,Noda,current
3,AI,Noda,sustainability
3,AI,Noda,initiatives
3,AI,Noda,energy
3,AI,Noda,efficiency
3,AI,Noda,waste
3,AI,Noda,management
3,AI,Noda,water
3,AI,Noda,conservation
3,AI,Noda,securing
3,AI,Noda,funding
3,AI,Noda,grants
3,AI,Noda,donations
3,AI,Noda,partnerships
3,AI,Noda,implementing
3,AI,Noda,new
3,AI,Noda,sustainability
3,AI,Noda,projects
3,AI,Noda,solar
3,AI,Noda,panels
3,AI,Noda,recycling
3,AI,Noda,programs
3,AI,Noda,green
3,AI,Noda,building
3,AI,Noda,upgrades
3,AI,Noda,examples
3,AI,Noda,to
3,AI,Noda,increase
3,AI,Noda,sustaunability
3,AI,Noda,on
3,AI,Noda,a
3,AI,Noda,college
3,AI,Noda,campus
3,AI,Noda,sustainable
3,AI,Noda,transportation
3,AI,Noda,bike
3,AI,Noda,sharing
3,AI,Noda,programs
3,AI,Noda,electric
3,AI,Noda,vehicle
3,AI,Noda,charging
3,AI,Noda,stations
3,AI,Noda,waste
3,AI,Noda,reduction
3,AI,Noda,composting
3,AI,Noda,recycling
3,AI,Noda,initiatives
3,AI,Noda,energy
3,AI,Noda,conservation
3,AI,Noda,events
3,AI,Noda,solar
3,AI,Noda,panels
3,AI,Noda,energy
3,AI,Noda,efficient
3,AI,Noda,lighting
3,AI,Noda,establishing
3,AI,Noda,a
3,AI,Noda,student
3,AI,Noda,run
3,AI,Noda,college
3,AI,Noda,sustainability
3,AI,Noda,committee
3,AI,Noda,recruitment
3,AI,Noda,of
3,AI,Noda,members
3,AI,Noda,setting
3,AI,Noda,goals
3,AI,Noda,creating
3,AI,Noda,action
3,AI,Noda,plans
3,AI,Noda,implementing
3,AI,Noda,sustainability
3,AI,Noda,initiatives
3,AI,Noda,research
3,AI,Noda,and
3,AI,Noda,analysis
3,AI,Noda,collaboration
3,AI,Noda,with
3,AI,Noda,stakeholders
3,AI,Noda,execution
3,AI,Noda,of
3,AI,Noda,projects
3,AI,Noda,monitoring
3,AI,Noda,and
3,AI,Noda,evaluating
3,AI,Noda,progress
3,AI,Noda,tracking
3,AI,Noda,impact
3,AI,Noda,adjusting
3,AI,Noda,strategies
3,AI,Noda,ensuring
3,AI,Noda,long
3,AI,Noda,term
3,AI,Noda,sustainability
3,AI,Noda,importance
3,AI,Noda,of
3,AI,Noda,recycling
3,AI,Noda,environmental
3,AI,Noda,benefits
3,AI,Noda,reduction
3,AI,Noda,of
3,AI,Noda,waste
3,AI,Noda,types
3,AI,Noda,of
3,AI,Noda,recycling
3,AI,Noda,initiatives
3,AI,Noda,curbside
3,AI,Noda,recycling
3,AI,Noda,recycling
3,AI,Noda,centers
3,AI,Noda,e
3,AI,Noda,waste
3,AI,Noda,recycling
3,AI,Noda,challenges
3,AI,Noda,and
3,AI,Noda,solutions
3,AI,Noda,contamination
3,AI,Noda,education
3,AI,Noda,and
3,AI,Noda,awareness
3,AI,Noda,importance
3,AI,Noda,of
3,AI,Noda,energy
3,AI,Noda,conservation
3,AI,Noda,environmental
3,AI,Noda,impact
3,AI,Noda,economic
3,AI,Noda,benefits
3,AI,Noda,energy
3,AI,Noda,conservation
3,AI,Noda,initiatives
3,AI,Noda,renewable
3,AI,Noda,energy
3,AI,Noda,sources
3,AI,Noda,energy
3,AI,Noda,efficient
3,AI,Noda,technologies
3,AI,Noda,impact
3,AI,Noda,of
3,AI,Noda,energy
3,AI,Noda,conservation
3,AI,Noda,reduction
3,AI,Noda,in
3,AI,Noda,carbon
3,AI,Noda,emissions
3,AI,Noda,sustainable
3,AI,Noda,future
3,AI,Noda,importance
3,AI,Noda,of
3,AI,Noda,waste
3,AI,Noda,reduction
3,AI,Noda,environmental
3,AI,Noda,impact
3,AI,Noda,resource
3,AI,Noda,conservation
3,AI,Noda,strategies
3,AI,Noda,for
3,AI,Noda,waste
3,AI,Noda,reduction
3,AI,Noda,recycling
3,AI,Noda,composting
3,AI,Noda,reuse
3,AI,Noda,reducing
3,AI,Noda,single
3,AI,Noda,use
3,AI,Noda,items
1,Collaborative,Noda,radiator
1,Collaborative,Noda,renovations
2,AI,Noda,educational
2,AI,Noda,seminars
2,AI,Noda,with
2,AI,Noda,industry
2,AI,Noda,professionals
3,Human,Noda,community
3,Human,Noda,garden
3,Human,Noda,composting
3,Human,Noda,and
3,Human,Noda,cleanup
3,AI,Noda,benefits
3,AI,Noda,of
3,AI,Noda,waste
3,AI,Noda,reduction
3,AI,Noda,reduced
3,AI,Noda,landfill
3,AI,Noda,waste
3,AI,Noda,energy
3,AI,Noda,savings
3,AI,Noda,cost
3,AI,Noda,effectiveness
3,AI,Noda,ideas
3,AI,Noda,for
3,AI,Noda,events
3,AI,Noda,that
3,AI,Noda,promote
3,AI,Noda,sustainability
3,AI,Noda,importance
3,AI,Noda,of
3,AI,Noda,waste
3,AI,Noda,reduction
3,AI,Noda,environmental
3,AI,Noda,impact
3,AI,Noda,economic
3,AI,Noda,benefits
3,AI,Noda,of
3,AI,Noda,sustainability
3,AI,Noda,strategies
3,AI,Noda,for
3,AI,Noda,waste
3,AI,Noda,reduction
3,AI,Noda,recycling
3,AI,Noda,composting
3,AI,Noda,reusing
3,AI,Noda,items
3,AI,Noda,reducing
3,AI,Noda,single
3,AI,Noda,use
3,AI,Noda,plastics
3,AI,Noda,community
3,AI,Noda,involvement
3,AI,Noda,education
3,AI,Noda,collaboration
3,AI,Noda,with
3,AI,Noda,local
3,AI,Noda,businesses
3,AI,Noda,for
3,AI,Noda,sustainability
3,AI,Noda,educational
3,AI,Noda,events
3,AI,Noda,workshops
3,AI,Noda,seminars
3,AI,Noda,community
3,AI,Noda,events
3,AI,Noda,clean
3,AI,Noda,up
3,AI,Noda,campaigns
3,AI,Noda,tree
3,AI,Noda,planting
3,AI,Noda,importance
3,AI,Noda,of
3,AI,Noda,collaboration
3,AI,Noda,shared
3,AI,Noda,goals
3,AI,Noda,resource
3,AI,Noda,sharing
3,AI,Noda,benefits
3,AI,Noda,of
3,AI,Noda,collaboration
3,AI,Noda,increased
3,AI,Noda,impact
3,AI,Noda,enhanced
3,AI,Noda,innovation
3,AI,Noda,examples
3,AI,Noda,of
3,AI,Noda,successful
3,AI,Noda,collaborations
3,AI,Noda,definition
3,AI,Noda,of
3,AI,Noda,sustainability
3,AI,Noda,environmental
3,AI,Noda,benefits
3,AI,Noda,social
3,AI,Noda,benefits
3,AI,Noda,economic
3,AI,Noda,benefits
3,AI,Noda,economic
3,AI,Noda,benefits
3,AI,Noda,of
3,AI,Noda,sustainability
3,AI,Noda,cost
3,AI,Noda,savings
3,AI,Noda,market
3,AI,Noda,opportunities
3,AI,Noda,long
3,AI,Noda,term
3,AI,Noda,viability
3,AI,Noda,educational
3,AI,Noda,seminars
3,Human,Noda,sustanibility
3,Human,Noda,events
3,Human,Noda,oncampus
3,Human,Noda,composting
3,Human,Noda,repurposing
3,Human,Noda,garden
3,Human,Noda,on
3,Human,Noda,campus
3,Human,Noda,thrifting
3,Human,Noda,event
3,Human,Noda,makerspace
3,Human,Noda,collab
3,Human,Noda,cardboard
3,Human,Noda,sculpture
3,Human,Noda,competiton
3,Human,Noda,non
3,Human,Noda,leaky
3,Human,Noda,sinks
3,Human,Noda,timed
3,Human,Noda,cycled
3,Human,Noda,dorm
3,Human,Noda,heating
3,Human,Noda,ensuring
3,Human,Noda,sustainability
3,Human,Noda,in
3,Human,Noda,ongoing
3,Human,Noda,construction
3,Human,Noda,a
3,Human,Noda,little
3,Human,Noda,bit
3,Human,Noda,film
3,Human,Noda,screenings
3,Human,Noda,panel
3,Human,Noda,discussions
3,Human,Noda,case
3,Human,Noda,study
3,Human,Noda,1
3,Human,Noda,case
3,Human,Noda,study
3,Human,Noda,2
3,Human,Noda,what
3,Human,Noda,about
3,Human,Noda,lake
3,Human,Noda,waban
3,Human,Noda,platforming
3,Human,Noda,industry
3,Human,Noda,pros
3,Human,Noda,clean
3,Human,Noda,lake
3,Human,Noda,waban
3,Human,Noda,mind
3,Human,Noda,radiator
3,Human,Noda,renovations
3,Human,Noda,industry
3,Human,Noda,professionals
3,Human,Noda,community
3,Human,Noda,garden
3,Human,Noda,and
3,Human,Noda,composting
3,Human,Noda,snow
3,Human,Noda,community
3,Human,Noda,cleanup
3,AI,Noda,how
3,AI,Noda,can
3,AI,Noda,a
3,AI,Noda,college
3,AI,Noda,be
3,AI,Noda,more
3,AI,Noda,sustainable
3,AI,Noda,sustainable
3,AI,Noda,practices
3,AI,Noda,at
3,AI,Noda,college
3,AI,Noda,energy
3,AI,Noda,conservation
3,AI,Noda,waste
3,AI,Noda,reduction
3,AI,Noda,sustainable
3,AI,Noda,transportation
3,AI,Noda,educational
3,AI,Noda,initiatives
3,AI,Noda,sustainability
3,AI,Noda,curriculum
3,AI,Noda,research
3,AI,Noda,opportunities
3,AI,Noda,community
3,AI,Noda,engagement
3,AI,Noda,partnerships
3,AI,Noda,with
3,AI,Noda,local
3,AI,Noda,organizations
3,AI,Noda,student
3,AI,Noda,involvement
3,AI,Noda,assessing
3,AI,Noda,current
3,AI,Noda,sustainability
3,AI,Noda,efforts
3,AI,Noda,energy
3,AI,Noda,usage
3,AI,Noda,waste
3,AI,Noda,management
3,AI,Noda,transportation
3,AI,Noda,implementing
3,AI,Noda,sustainable
3,AI,Noda,initiatives
3,AI,Noda,renewable
3,AI,Noda,energy
3,AI,Noda,sources
3,AI,Noda,recycling
3,AI,Noda,programs
3,AI,Noda,green
3,AI,Noda,transportation
3,AI,Noda,options
3,AI,Noda,monitoring
3,AI,Noda,and
3,AI,Noda,evaluating
3,AI,Noda,progress
3,AI,Noda,data
3,AI,Noda,collection
3,AI,Noda,stakeholder
3,AI,Noda,engagement
3,AI,Noda,adjustments
3,AI,Noda,for
3,AI,Noda,improvement
3,AI,Noda,understanding
3,AI,Noda,dining
3,AI,Noda,hall
3,AI,Noda,waste
3,AI,Noda,types
3,AI,Noda,of
3,AI,Noda,waste
3,AI,Noda,sources
3,AI,Noda,of
3,AI,Noda,waste
3,AI,Noda,strategies
3,AI,Noda,for
3,AI,Noda,waste
3,AI,Noda,reduction
3,AI,Noda,food
3,AI,Noda,waste
3,AI,Noda,prevention
3,AI,Noda,recycling
3,AI,Noda,and
3,AI,Noda,composting
3,AI,Noda,reusable
3,AI,Noda,utensils
3,AI,Noda,and
3,AI,Noda,containers
3,AI,Noda,collaboration
3,AI,Noda,and
3,AI,Noda,education
3,AI,Noda,staff
3,AI,Noda,training
3,AI,Noda,student
3,AI,Noda,engagement
3,AI,Noda,incorporating
3,AI,Noda,sustainability
3,AI,Noda,in
3,AI,Noda,curriculum
3,AI,Noda,integrate
3,AI,Noda,sustainability
3,AI,Noda,topics
3,AI,Noda,use
3,AI,Noda,real
3,AI,Noda,world
3,AI,Noda,examples
3,AI,Noda,encourage
3,AI,Noda,critical
3,AI,Noda,thinking
3,AI,Noda,promoting
3,AI,Noda,sustainable
3,AI,Noda,practices
3,AI,Noda,reduce
3,AI,Noda,paper
3,AI,Noda,waste
3,AI,Noda,encourage
3,AI,Noda,recycling
3,AI,Noda,use
3,AI,Noda,energy
3,AI,Noda,efficient
3,AI,Noda,technology
3,AI,Noda,engaging
3,AI,Noda,students
3,AI,Noda,hands
3,AI,Noda,on
3,AI,Noda,projects
3,AI,Noda,guest
3,AI,Noda,speakers
3,AI,Noda,field
3,AI,Noda,trips
3,AI,Noda,what
3,AI,Noda,to
3,AI,Noda,use
3,AI,Noda,sustainability
3,AI,Noda,funding
3,AI,Noda,for
3,AI,Noda,importance
3,AI,Noda,of
3,AI,Noda,sustainability
3,AI,Noda,initiatives
3,AI,Noda,environmental
3,AI,Noda,impact
3,AI,Noda,educational
3,AI,Noda,opportunities
1,Collaborative,Noda,more
1,Collaborative,Noda,convenient
1,Collaborative,Noda,transportation
1,Collaborative,Noda,within
1,Collaborative,Noda,the
1,Collaborative,Noda,area
1,Collaborative,Noda,and
1,Collaborative,Noda,to
1,Collaborative,Noda,the
1,Collaborative,Noda,airport
2,AI,Noda,eliminate
2,AI,Noda,single
2,AI,Noda,use
2,AI,Noda,plastics
2,AI,Noda,by
2,AI,Noda,using
2,AI,Noda,comportable
2,AI,Noda,alternatives
2,AI,Noda,and
2,AI,Noda,hiring
2,AI,Noda,staff
3,Collaborative,Noda,hiring
3,Collaborative,Noda,of
3,Collaborative,Noda,new
3,Collaborative,Noda,staff
3,Collaborative,Noda,to
3,Collaborative,Noda,make
3,Collaborative,Noda,recycling
3,Collaborative,Noda,transportation
3,Collaborative,Noda,more
3,Collaborative,Noda,efficient
3,AI,Noda,types
3,AI,Noda,of
3,AI,Noda,sustainability
3,AI,Noda,initiatives
3,AI,Noda,importance
3,AI,Noda,of
3,AI,Noda,sustainability
3,AI,Noda,funding
3,AI,Noda,addressing
3,AI,Noda,climate
3,AI,Noda,change
3,AI,Noda,promoting
3,AI,Noda,renewable
3,AI,Noda,energy
3,AI,Noda,potential
3,AI,Noda,uses
3,AI,Noda,of
3,AI,Noda,sustainability
3,AI,Noda,funding
3,AI,Noda,conservation
3,AI,Noda,projects
3,AI,Noda,green
3,AI,Noda,infrastructure
3,AI,Noda,development
3,AI,Noda,education
3,AI,Noda,and
3,AI,Noda,awareness
3,AI,Noda,campaigns
3,AI,Noda,pros
3,AI,Noda,offers
3,AI,Noda,a
3,AI,Noda,variety
3,AI,Noda,of
3,AI,Noda,options
3,AI,Noda,reduces
3,AI,Noda,food
3,AI,Noda,waste
3,AI,Noda,allows
3,AI,Noda,for
3,AI,Noda,customization
3,AI,Noda,promotes
3,AI,Noda,efficiency
3,AI,Noda,cons
3,AI,Noda,potential
3,AI,Noda,for
3,AI,Noda,cross
3,AI,Noda,contamination
3,AI,Noda,overeating
3,AI,Noda,higher
3,AI,Noda,costs
3,AI,Noda,limited
3,AI,Noda,portion
3,AI,Noda,control
3,AI,Noda,sustainable
3,AI,Noda,practices
3,AI,Noda,on
3,AI,Noda,college
3,AI,Noda,campuses
3,AI,Noda,energy
3,AI,Noda,conservation
3,AI,Noda,waste
3,AI,Noda,reduction
3,AI,Noda,green
3,AI,Noda,transportation
3,AI,Noda,student
3,AI,Noda,involvement
3,AI,Noda,education
3,AI,Noda,participation
3,AI,Noda,in
3,AI,Noda,sustainability
3,AI,Noda,initiatives
3,AI,Noda,campus
3,AI,Noda,policies
3,AI,Noda,and
3,AI,Noda,initiatives
3,AI,Noda,green
3,AI,Noda,building
3,AI,Noda,standards
3,AI,Noda,sustainable
3,AI,Noda,food
3,AI,Noda,options
3,AI,Noda,recycling
3,AI,Noda,programs
3,AI,Noda,food
3,AI,Noda,preparation
3,AI,Noda,portion
3,AI,Noda,control
3,AI,Noda,menu
3,AI,Noda,planning
3,AI,Noda,serving
3,AI,Noda,practices
3,AI,Noda,self
3,AI,Noda,serve
3,AI,Noda,stations
3,AI,Noda,staff
3,AI,Noda,assistance
3,AI,Noda,waste
3,AI,Noda,reduction
3,AI,Noda,donation
3,AI,Noda,programs
3,AI,Noda,composting
3,AI,Noda,systems
3,Human,Noda,eliminating
3,Human,Noda,food
3,Human,Noda,waste
3,Human,Noda,recycling
3,Human,Noda,lessons
3,Human,Noda,waste
3,Human,Noda,management
3,Human,Noda,yearlong
3,Human,Noda,sustainability
3,Human,Noda,markets
3,Human,Noda,for
3,Human,Noda,students
3,Human,Noda,funding
3,Human,Noda,for
3,Human,Noda,sci
3,Human,Noda,n
3,Human,Noda,dorm
3,Human,Noda,triage
3,Human,Noda,more
3,Human,Noda,garbage
3,Human,Noda,and
3,Human,Noda,recycling
3,Human,Noda,bins
3,Human,Noda,outside
3,Human,Noda,clothes
3,Human,Noda,donattion
3,Human,Noda,bins
3,Human,Noda,all
3,Human,Noda,throughout
3,Human,Noda,campus
3,Human,Noda,evironmental
3,Human,Noda,awareness
3,Human,Noda,panels
3,Human,Noda,and
3,Human,Noda,workshops
3,Human,Noda,sustainability
3,Human,Noda,pr
3,Human,Noda,recycling
3,Human,Noda,programs
3,Human,Noda,energy
3,Human,Noda,conservation
3,Human,Noda,efforts
3,Human,Noda,sustainable
3,Human,Noda,transportation
3,Human,Noda,options
3,Human,Noda,importance
3,Human,Noda,of
3,Human,Noda,student
3,Human,Noda,engagement
3,Human,Noda,academic
3,Human,Noda,performance
3,Human,Noda,social
3,Human,Noda,and
3,Human,Noda,emotional
3,Human,Noda,development
1,Collaborative,Noda,energy
1,Collaborative,Noda,efficient
1,Collaborative,Noda,bow
1,Collaborative,Noda,shuttle
2,Human,Noda,donating
2,Human,Noda,food
3,Human,Noda,swipe
3,Human,Noda,in
3,Human,Noda,technology
3,Human,Noda,and
3,Human,Noda,culture
3,AI,Noda,how
3,AI,Noda,to
3,AI,Noda,increase
3,AI,Noda,sustainability
3,AI,Noda,on
3,AI,Noda,campus
3,AI,Noda,how
3,AI,Noda,to
3,AI,Noda,reduce
3,AI,Noda,carbon
3,AI,Noda,footprint
3,AI,Noda,similarity
3,AI,Noda,comparison
3,AI,Noda,analogous
3,AI,Noda,uniformity
3,AI,Noda,resemblance
3,AI,Noda,association
3,AI,Noda,affinity
3,AI,Noda,how
3,AI,Noda,to
3,AI,Noda,increase
3,AI,Noda,sustainability
3,AI,Noda,on
3,AI,Noda,college
3,AI,Noda,campus
3,AI,Noda,ways
3,AI,Noda,to
3,AI,Noda,reduce
3,AI,Noda,food
3,AI,Noda,waste
3,AI,Noda,in
3,AI,Noda,college
3,AI,Noda,dining
3,AI,Noda,halls
3,AI,Noda,reduce
3,AI,Noda,carbon
3,AI,Noda,footprint
3,AI,Noda,educate
3,AI,Noda,students
3,AI,Noda,on
3,AI,Noda,sustainability
3,AI,Noda,promote
3,AI,Noda,eco
3,AI,Noda,friendly
3,AI,Noda,practices
3,AI,Noda,cost
3,AI,Noda,implications
3,AI,Noda,resistance
3,AI,Noda,to
3,AI,Noda,change
3,AI,Noda,lack
3,AI,Noda,of
3,AI,Noda,resources
3,AI,Noda,importance
3,AI,Noda,of
3,AI,Noda,reducing
3,AI,Noda,food
3,AI,Noda,waste
3,AI,Noda,environmental
3,AI,Noda,impact
3,AI,Noda,financial
3,AI,Noda,savings
3,AI,Noda,strategies
3,AI,Noda,to
3,AI,Noda,reduce
3,AI,Noda,food
3,AI,Noda,waste
3,AI,Noda,portion
3,AI,Noda,control
3,AI,Noda,donation
3,AI,Noda,programs
3,AI,Noda,composting
3,AI,Noda,initiatives
3,AI,Noda,education
3,AI,Noda,and
3,AI,Noda,awareness
3,AI,Noda,efforts
3,AI,Noda,implementing
3,AI,Noda,sustainable
3,AI,Noda,practices
3,AI,Noda,recycling
3,AI,Noda,programs
3,AI,Noda,energy
3,AI,Noda,efficient
3,AI,Noda,buildings
3,AI,Noda,sustainable
3,AI,Noda,transportation
3,AI,Noda,educating
3,AI,Noda,the
3,AI,Noda,campus
3,AI,Noda,community
3,AI,Noda,workshops
3,AI,Noda,awareness
3,AI,Noda,campaigns
3,AI,Noda,green
3,AI,Noda,initiatives
3,AI,Noda,collaboration
3,AI,Noda,with
3,AI,Noda,local
3,AI,Noda,organizations
3,AI,Noda,partnerships
3,AI,Noda,community
3,AI,Noda,projects
3,AI,Noda,how
3,AI,Noda,to
3,AI,Noda,decrease
3,AI,Noda,food
3,AI,Noda,waste
3,AI,Noda,at
3,AI,Noda,dining
3,AI,Noda,halls
3,AI,Noda,increasing
3,AI,Noda,open
3,AI,Noda,hours
3,AI,Noda,to
3,AI,Noda,give
3,AI,Noda,opportunity
3,AI,Noda,to
3,AI,Noda,consume
3,AI,Noda,leftovers
3,AI,Noda,educating
3,AI,Noda,students
3,AI,Noda,awareness
3,AI,Noda,campaigns
3,AI,Noda,workshops
3,AI,Noda,improving
3,AI,Noda,food
3,AI,Noda,management
3,AI,Noda,portion
3,AI,Noda,control
3,AI,Noda,donation
3,AI,Noda,programs
3,AI,Noda,implementing
3,AI,Noda,sustainable
3,AI,Noda,practices
3,AI,Noda,composting
3,AI,Noda,food
3,AI,Noda,waste
3,AI,Noda,tracking
3,AI,Noda,systems
3,AI,Noda,howto
3,AI,Noda,derease
3,AI,Noda,tech
3,AI,Noda,waste
3,AI,Noda,understanding
3,AI,Noda,carbon
3,AI,Noda,footprint
3,AI,Noda,definition
3,AI,Noda,factors
3,AI,Noda,importance
3,AI,Noda,ways
3,AI,Noda,to
3,AI,Noda,reduce
3,AI,Noda,carbon
3,AI,Noda,footprint
3,AI,Noda,energy
3,AI,Noda,conservation
3,AI,Noda,sustainable
3,AI,Noda,transportation
3,AI,Noda,waste
3,AI,Noda,reduction
3,AI,Noda,benefits
3,AI,Noda,of
3,AI,Noda,reducing
3,AI,Noda,carbon
3,AI,Noda,footprint
3,AI,Noda,environmental
3,AI,Noda,impact
3,AI,Noda,health
3,AI,Noda,benefits
3,AI,Noda,temperature
3,AI,Noda,and
3,AI,Noda,light
3,AI,Noda,culture
3,AI,Noda,how
3,AI,Noda,to
3,AI,Noda,reduce
3,AI,Noda,carbon
3,AI,Noda,footprint
3,AI,Noda,how
3,AI,Noda,to
3,AI,Noda,increase
3,AI,Noda,sustainability
3,AI,Noda,on
3,AI,Noda,campus
3,AI,Noda,health
3,AI,Noda,benefits
3,AI,Noda,understanding
3,AI,Noda,tech
3,AI,Noda,waste
3,AI,Noda,definition
3,AI,Noda,types
3,AI,Noda,of
3,AI,Noda,tech
3,AI,Noda,waste
3,AI,Noda,ways
3,AI,Noda,to
3,AI,Noda,reduce
3,AI,Noda,tech
3,AI,Noda,waste
3,AI,Noda,recycling
3,AI,Noda,donating
3,AI,Noda,proper
3,AI,Noda,disposal
3,AI,Noda,importance
3,AI,Noda,of
3,AI,Noda,reducing
3,AI,Noda,tech
3,AI,Noda,waste
3,AI,Noda,environmental
3,AI,Noda,impact
3,AI,Noda,sustainability
3,AI,Noda,ways
3,AI,Noda,to
3,AI,Noda,increase
3,AI,Noda,sustainability
3,AI,Noda,for
3,AI,Noda,60k
3,AI,Noda,energy
3,AI,Noda,efficiency
3,AI,Noda,solar
3,AI,Noda,panels
3,AI,Noda,led
3,AI,Noda,lighting
3,AI,Noda,waste
3,AI,Noda,reduction
3,AI,Noda,recycling
3,AI,Noda,programs
3,AI,Noda,composting
3,AI,Noda,initiatives
3,AI,Noda,transportation
3,AI,Noda,carpooling
3,AI,Noda,electric
3,AI,Noda,vehicles
3,AI,Noda,swipe
3,AI,Noda,technology
3,AI,Noda,donating
3,AI,Noda,food
3,Human,Noda,energy
3,Human,Noda,efficient
3,Human,Noda,bow
3,Human,Noda,shuttle
3,Human,Noda,high
3,Human,Noda,cost
3,Human,Noda,food
3,Human,Noda,waste
3,Human,Noda,compost
3,Human,Noda,recycling
3,Human,Noda,papers
3,Human,Noda,technology
3,Human,Noda,adding
3,Human,Noda,waste
3,Human,Noda,mgmt
3,Human,Noda,outside
3,Human,Noda,increase
3,Human,Noda,trash
3,Human,Noda,cans
3,Human,Noda,not
3,Human,Noda,requiring
3,Human,Noda,students
3,Human,Noda,to
3,Human,Noda,b
3,Human,Noda,on
3,Human,Noda,meal
3,Human,Noda,plan
3,Human,Noda,reduces
3,Human,Noda,food
3,Human,Noda,waste
3,Human,Noda,coops
3,Human,Noda,amazon
3,Human,Noda,boxes
3,Human,Noda,packages
3,Human,Noda,provide
3,Human,Noda,extremely
3,Human,Noda,bad
3,Human,Noda,free
3,Human,Noda,food
3,Human,Noda,as
3,Human,Noda,alt
3,Human,Noda,sus
3,Human,Noda,bins
3,Human,Noda,importance
3,Human,Noda,of
3,Human,Noda,reducing
3,Human,Noda,food
3,Human,Noda,waste
3,Human,Noda,environmental
3,Human,Noda,impact
3,Human,Noda,economic
3,Human,Noda,impact
3,Human,Noda,strategies
3,Human,Noda,for
3,Human,Noda,reducing
3,Human,Noda,food
3,Human,Noda,waste
3,Human,Noda,meal
3,Human,Noda,planning
3,Human,Noda,portion
3,Human,Noda,control
3,Human,Noda,donation
3,Human,Noda,programs
3,Human,Noda,benefits
3,Human,Noda,of
3,Human,Noda,reducing
3,Human,Noda,food
3,Human,Noda,waste
3,Human,Noda,sustainability
3,Human,Noda,cost
3,Human,Noda,savings
3,Human,Noda,reducing
3,Human,Noda,the
3,Human,Noda,no
3,Human,Noda,of
3,Human,Noda,halls
3,Human,Noda,swipe
3,Human,Noda,in
3,Human,Noda,culture
3,Human,Noda,clg
3,Human,Noda,govn
3,Human,Noda,reducing
3,Human,Noda,the
3,Human,Noda,no
3,Human,Noda,of
3,Human,Noda,halls
3,Human,Noda,donating
3,Human,Noda,food
3,Human,Noda,med
3,Human,Noda,cost
3,Human,Noda,bow
3,Human,Noda,electric
3,Human,Noda,shuttle
3,Human,Noda,swipe
3,Human,Noda,in
3,Human,Noda,technology
3,Human,Noda,and
3,Human,Noda,culture
3,Human,Noda,low
3,Human,Noda,cost
3,Human,Noda,donating
3,Human,Noda,food
3,Human,Noda,donating
3,Human,Noda,food